time_s,state,image_height_px_at_960_width,h_image_over_h_image_max
0.0,A,124,1.0
0.033333,A,124,1.0
0.066667,A,124,1.0
0.1,A,124,1.0
0.133333,A,124,1.0
0.166667,A,124,1.0
0.2,A,124,1.0
0.233333,A,124,1.0
0.266667,A,124,1.0
0.3,A,124,1.0
0.333333,A,124,1.0
0.366667,A,124,1.0
0.4,A,124,1.0
0.433333,A,124,1.0
0.466667,A,124,1.0
0.5,A,124,1.0
0.533333,A,124,1.0
0.566667,A,124,1.0
0.6,A,124,1.0
0.633333,A,124,1.0
0.666667,A,124,1.0
0.7,A,124,1.0
0.733333,A,124,1.0
0.766667,A,124,1.0
0.8,A,124,1.0
0.833333,A,124,1.0
0.866667,A,124,1.0
0.9,A,124,1.0
0.933333,A,124,1.0
0.966667,A,124,1.0
1.0,A,124,1.0
1.033333,A,124,1.0
1.066667,A,124,1.0
1.1,A,124,1.0
1.133333,A,124,1.0
1.166667,A,124,1.0
1.2,A,124,1.0
1.233333,A,124,1.0
1.266667,A,124,1.0
1.3,A,124,1.0
1.333333,A,124,1.0
1.366667,A,124,1.0
1.4,A,124,1.0
1.433333,A,124,1.0
1.466667,A,124,1.0
1.5,A,124,1.0
1.533333,A,124,1.0
1.566667,,,
1.6,,,
1.633333,,,
1.666667,,,
1.7,,,
1.733333,,,
1.766667,,,
1.8,,,
1.833333,,,
1.866667,,,
1.9,,,
1.933333,,,
1.966667,,,
2.0,,,
2.033333,,,
2.066667,,,
2.1,,,
2.133333,,,
2.166667,,,
2.2,,,
2.233333,,,
2.266667,,,
2.3,,,
2.333333,,,
2.366667,,,
2.4,,,
2.433333,,,
2.466667,,,
2.5,,,
2.533333,,,
2.566667,,,
2.6,,,
2.633333,,,
2.666667,,,
2.7,,,
2.733333,,,
2.766667,,,
2.8,,,
2.833333,,,
2.866667,,,
2.9,,,
2.933333,,,
2.966667,,,
3.0,,,
3.033333,,,
3.066667,,,
3.1,,,
3.133333,,,
3.166667,,,
3.2,,,
3.233333,,,
3.266667,,,
3.3,,,
3.333333,,,
3.366667,,,
3.4,,,
3.433333,,,
3.466667,,,
3.5,,,
3.533333,,,
3.566667,,,
3.6,,,
3.633333,,,
3.666667,,,
3.7,,,
3.733333,,,
3.766667,,,
3.8,,,
3.833333,,,
3.866667,,,
3.9,,,
3.933333,,,
3.966667,,,
4.0,,,
4.033333,,,
4.066667,,,
4.1,,,
4.133333,,,
4.166667,,,
4.2,,,
4.233333,,,
4.266667,,,
4.3,,,
4.333333,,,
4.366667,,,
4.4,,,
4.433333,,,
4.466667,,,
4.5,,,
4.533333,,,
4.566667,,,
4.6,,,
4.633333,,,
4.666667,,,
4.7,,,
4.733333,,,
4.766667,,,
4.8,,,
4.833333,,,
4.866667,,,
4.9,,,
4.933333,,,
4.966667,,,
5.0,,,
5.033333,,,
5.066667,,,
5.1,,,
5.133333,,,
5.166667,,,
5.2,,,
5.233333,,,
5.266667,,,
5.3,,,
5.333333,,,
5.366667,,,
5.4,,,
5.433333,,,
5.466667,,,
5.5,,,
5.533333,,,
5.566667,,,
5.6,,,
5.633333,,,
5.666667,,,
5.7,,,
5.733333,,,
5.766667,,,
5.8,,,
5.833333,,,
5.866667,,,
5.9,,,
5.933333,,,
5.966667,,,
6.0,,,
6.033333,,,
6.066667,,,
6.1,,,
6.133333,,,
6.166667,,,
6.2,,,
6.233333,,,
6.266667,,,
6.3,,,
6.333333,,,
6.366667,,,
6.4,,,
6.433333,,,
6.466667,,,
6.5,,,
6.533333,,,
6.566667,,,
6.6,,,
6.633333,,,
6.666667,B,96,0.7741935483870968
6.7,B,96,0.7741935483870968
6.733333,B,96,0.7741935483870968
6.766667,B,96,0.7741935483870968
6.8,B,96,0.7741935483870968
6.833333,B,96,0.7741935483870968
6.866667,B,96,0.7741935483870968
6.9,B,96,0.7741935483870968
6.933333,B,96,0.7741935483870968
6.966667,B,96,0.7741935483870968
7.0,B,96,0.7741935483870968
7.033333,B,96,0.7741935483870968
7.066667,B,96,0.7741935483870968
7.1,B,96,0.7741935483870968
7.133333,B,96,0.7741935483870968
7.166667,B,96,0.7741935483870968
7.2,B,96,0.7741935483870968
7.233333,B,96,0.7741935483870968
7.266667,B,96,0.7741935483870968
7.3,B,96,0.7741935483870968
7.333333,B,96,0.7741935483870968
7.366667,B,96,0.7741935483870968
7.4,B,96,0.7741935483870968
7.433333,B,96,0.7741935483870968
7.466667,B,96,0.7741935483870968
7.5,B,96,0.7741935483870968
7.533333,B,96,0.7741935483870968
7.566667,B,96,0.7741935483870968
7.6,B,96,0.7741935483870968
7.633333,B,96,0.7741935483870968
7.666667,B,96,0.7741935483870968
7.7,B,96,0.7741935483870968
7.733333,B,96,0.7741935483870968
7.766667,B,96,0.7741935483870968
7.8,B,96,0.7741935483870968
7.833333,B,96,0.7741935483870968
7.866667,B,96,0.7741935483870968
7.9,B,96,0.7741935483870968
7.933333,B,96,0.7741935483870968
7.966667,B,96,0.7741935483870968
8.0,B,96,0.7741935483870968
8.033333,B,96,0.7741935483870968
8.066667,B,96,0.7741935483870968
8.1,B,96,0.7741935483870968
8.133333,B,96,0.7741935483870968
8.166667,B,96,0.7741935483870968
8.2,B,96,0.7741935483870968
8.233333,B,96,0.7741935483870968
8.266667,B,96,0.7741935483870968
8.3,B,96,0.7741935483870968
8.333333,B,96,0.7741935483870968
8.366667,B,96,0.7741935483870968
8.4,B,96,0.7741935483870968
8.433333,B,96,0.7741935483870968
8.466667,B,96,0.7741935483870968
8.5,B,96,0.7741935483870968
8.533333,B,96,0.7741935483870968
8.566667,B,96,0.7741935483870968
8.6,B,96,0.7741935483870968
8.633333,B,96,0.7741935483870968
8.666667,B,96,0.7741935483870968
8.7,B,96,0.7741935483870968
8.733333,B,96,0.7741935483870968
8.766667,B,96,0.7741935483870968
8.8,B,96,0.7741935483870968
8.833333,B,96,0.7741935483870968
8.866667,B,96,0.7741935483870968
8.9,B,96,0.7741935483870968
8.933333,B,96,0.7741935483870968
8.966667,B,96,0.7741935483870968
9.0,B,96,0.7741935483870968
9.033333,B,96,0.7741935483870968
9.066667,B,96,0.7741935483870968
9.1,B,96,0.7741935483870968
9.133333,B,96,0.7741935483870968
9.166667,B,96,0.7741935483870968
9.2,B,96,0.7741935483870968
9.233333,B,96,0.7741935483870968
9.266667,B,96,0.7741935483870968
9.3,B,96,0.7741935483870968
9.333333,B,96,0.7741935483870968
9.366667,B,96,0.7741935483870968
9.4,B,96,0.7741935483870968
9.433333,B,96,0.7741935483870968
9.466667,B,96,0.7741935483870968
9.5,B,96,0.7741935483870968
9.533333,B,96,0.7741935483870968
9.566667,B,96,0.7741935483870968
9.6,B,96,0.7741935483870968
9.633333,B,96,0.7741935483870968
9.666667,B,96,0.7741935483870968
9.7,B,96,0.7741935483870968
9.733333,B,96,0.7741935483870968
9.766667,B,96,0.7741935483870968
9.8,B,96,0.7741935483870968
9.833333,B,96,0.7741935483870968
9.866667,B,96,0.7741935483870968
9.9,B,96,0.7741935483870968
9.933333,B,96,0.7741935483870968
9.966667,B,96,0.7741935483870968
10.0,B,96,0.7741935483870968
10.033333,B,96,0.7741935483870968
10.066667,B,96,0.7741935483870968
10.1,B,96,0.7741935483870968
10.133333,B,96,0.7741935483870968
10.166667,B,96,0.7741935483870968
10.2,B,96,0.7741935483870968
10.233333,B,96,0.7741935483870968
10.266667,B,96,0.7741935483870968
10.3,B,96,0.7741935483870968
10.333333,B,96,0.7741935483870968
10.366667,B,96,0.7741935483870968
10.4,B,96,0.7741935483870968
10.433333,B,96,0.7741935483870968
10.466667,B,96,0.7741935483870968
10.5,B,96,0.7741935483870968
10.533333,B,96,0.7741935483870968
10.566667,B,96,0.7741935483870968
10.6,B,96,0.7741935483870968
10.633333,,,
10.666667,,,
10.7,,,
10.733333,,,
10.766667,,,
10.8,,,
10.833333,,,
10.866667,,,
10.9,,,
10.933333,,,
10.966667,,,
11.0,,,
11.033333,,,
11.066667,,,
11.1,,,
11.133333,,,
11.166667,,,
11.2,,,
11.233333,,,
11.266667,,,
11.3,,,
11.333333,,,
11.366667,,,
11.4,,,
11.433333,,,
11.466667,,,
11.5,,,
11.533333,,,
11.566667,,,
11.6,,,
11.633333,,,
11.666667,,,
11.7,,,
11.733333,,,
11.766667,,,
11.8,,,
11.833333,,,
11.866667,,,
11.9,,,
11.933333,,,
11.966667,,,
12.0,,,
12.033333,,,
12.066667,,,
12.1,,,
12.133333,,,
12.166667,,,
12.2,,,
12.233333,,,
12.266667,,,
12.3,,,
12.333333,,,
12.366667,,,
12.4,,,
12.433333,,,
12.466667,,,
12.5,,,
12.533333,,,
12.566667,,,
12.6,,,
12.633333,,,
12.666667,,,
12.7,,,
12.733333,,,
12.766667,,,
12.8,,,
12.833333,,,
12.866667,,,
12.9,,,
12.933333,,,
12.966667,,,
13.0,,,
13.033333,,,
13.066667,,,
13.1,,,
13.133333,,,
13.166667,,,
13.2,,,
13.233333,,,
13.266667,,,
13.3,,,
13.333333,,,
13.366667,,,
13.4,,,
13.433333,,,
13.466667,,,
13.5,,,
13.533333,,,
13.566667,,,
13.6,,,
13.633333,,,
13.666667,,,
13.7,,,
13.733333,,,
13.766667,,,
13.8,,,
13.833333,,,
13.866667,,,
13.9,,,
13.933333,,,
13.966667,,,
14.0,,,
14.033333,,,
14.066667,,,
14.1,,,
14.133333,,,
14.166667,,,
14.2,,,
14.233333,,,
14.266667,,,
14.3,,,
14.333333,,,
14.366667,,,
14.4,,,
14.433333,,,
14.466667,,,
14.5,,,
14.533333,,,
14.566667,,,
14.6,,,
14.633333,,,
14.666667,,,
14.7,,,
14.733333,,,
14.766667,,,
14.8,,,
14.833333,,,
14.866667,,,
14.9,,,
14.933333,,,
14.966667,,,
15.0,,,
15.033333,,,
15.066667,,,
15.1,,,
15.133333,,,
15.166667,,,
15.2,,,
15.233333,,,
15.266667,,,
15.3,,,
15.333333,,,
15.366667,,,
15.4,,,
15.433333,,,
15.466667,,,
15.5,,,
15.533333,,,
15.566667,,,
15.6,,,
15.633333,,,
15.666667,A2,123,0.9919354838709677
15.7,A2,123,0.9919354838709677
15.733333,A2,123,0.9919354838709677
15.766667,A2,123,0.9919354838709677
15.8,A2,123,0.9919354838709677
15.833333,A2,123,0.9919354838709677
15.866667,A2,123,0.9919354838709677
15.9,A2,123,0.9919354838709677
15.933333,A2,123,0.9919354838709677
15.966667,A2,123,0.9919354838709677
16.0,A2,123,0.9919354838709677
16.033333,A2,123,0.9919354838709677
16.066667,A2,123,0.9919354838709677
16.1,A2,123,0.9919354838709677
16.133333,A2,123,0.9919354838709677
16.166667,A2,123,0.9919354838709677
16.2,A2,123,0.9919354838709677
16.233333,A2,123,0.9919354838709677
16.266667,A2,123,0.9919354838709677
16.3,A2,123,0.9919354838709677
16.333333,A2,123,0.9919354838709677
16.366667,A2,123,0.9919354838709677
16.4,A2,123,0.9919354838709677
16.433333,A2,123,0.9919354838709677
16.466667,A2,123,0.9919354838709677
16.5,A2,123,0.9919354838709677
16.533333,A2,123,0.9919354838709677
16.566667,A2,123,0.9919354838709677
16.6,A2,123,0.9919354838709677
16.633333,A2,123,0.9919354838709677
16.666667,A2,123,0.9919354838709677
16.7,A2,123,0.9919354838709677
16.733333,A2,123,0.9919354838709677
16.766667,A2,123,0.9919354838709677
16.8,A2,123,0.9919354838709677
16.833333,A2,123,0.9919354838709677
16.866667,A2,123,0.9919354838709677
16.9,A2,123,0.9919354838709677
16.933333,A2,123,0.9919354838709677
16.966667,A2,123,0.9919354838709677
17.0,A2,123,0.9919354838709677
17.033333,A2,123,0.9919354838709677
17.066667,A2,123,0.9919354838709677
17.1,A2,123,0.9919354838709677
17.133333,A2,123,0.9919354838709677
17.166667,A2,123,0.9919354838709677
17.2,A2,123,0.9919354838709677
17.233333,A2,123,0.9919354838709677
17.266667,A2,123,0.9919354838709677
17.3,A2,123,0.9919354838709677
17.333333,A2,123,0.9919354838709677
17.366667,A2,123,0.9919354838709677
17.4,A2,123,0.9919354838709677
17.433333,A2,123,0.9919354838709677
17.466667,A2,123,0.9919354838709677
17.5,A2,123,0.9919354838709677
17.533333,A2,123,0.9919354838709677
17.566667,A2,123,0.9919354838709677
17.6,A2,123,0.9919354838709677
17.633333,A2,123,0.9919354838709677
17.666667,A2,123,0.9919354838709677
17.7,A2,123,0.9919354838709677
17.733333,A2,123,0.9919354838709677
17.766667,A2,123,0.9919354838709677
17.8,A2,123,0.9919354838709677
17.833333,A2,123,0.9919354838709677
17.866667,A2,123,0.9919354838709677
17.9,A2,123,0.9919354838709677
17.933333,A2,123,0.9919354838709677
17.966667,A2,123,0.9919354838709677
18.0,A2,123,0.9919354838709677
18.033333,A2,123,0.9919354838709677
18.066667,A2,123,0.9919354838709677
18.1,A2,123,0.9919354838709677
18.133333,A2,123,0.9919354838709677
18.166667,A2,123,0.9919354838709677
18.2,A2,123,0.9919354838709677
18.233333,A2,123,0.9919354838709677
18.266667,A2,123,0.9919354838709677
18.3,A2,123,0.9919354838709677
18.333333,A2,123,0.9919354838709677
18.366667,A2,123,0.9919354838709677
18.4,A2,123,0.9919354838709677
18.433333,A2,123,0.9919354838709677
18.466667,A2,123,0.9919354838709677
18.5,A2,123,0.9919354838709677
18.533333,A2,123,0.9919354838709677
18.566667,A2,123,0.9919354838709677
18.6,A2,123,0.9919354838709677
18.633333,A2,123,0.9919354838709677
18.666667,A2,123,0.9919354838709677
18.7,A2,123,0.9919354838709677
18.733333,A2,123,0.9919354838709677
18.766667,A2,123,0.9919354838709677
18.8,A2,123,0.9919354838709677
18.833333,A2,123,0.9919354838709677
18.866667,A2,123,0.9919354838709677
18.9,A2,123,0.9919354838709677
18.933333,A2,123,0.9919354838709677
18.966667,A2,123,0.9919354838709677
19.0,A2,123,0.9919354838709677
19.033333,A2,123,0.9919354838709677
19.066667,A2,123,0.9919354838709677
19.1,A2,123,0.9919354838709677
19.133333,A2,123,0.9919354838709677
19.166667,A2,123,0.9919354838709677
19.2,A2,123,0.9919354838709677
19.233333,A2,123,0.9919354838709677
19.266667,A2,123,0.9919354838709677
19.3,A2,123,0.9919354838709677
19.333333,A2,123,0.9919354838709677
19.366667,A2,123,0.9919354838709677
19.4,A2,123,0.9919354838709677
19.433333,A2,123,0.9919354838709677
19.466667,A2,123,0.9919354838709677
19.5,A2,123,0.9919354838709677
19.533333,A2,123,0.9919354838709677
19.566667,A2,123,0.9919354838709677
19.6,A2,123,0.9919354838709677
19.633333,A2,123,0.9919354838709677
19.666667,A2,123,0.9919354838709677
19.7,A2,123,0.9919354838709677
19.733333,A2,123,0.9919354838709677
19.766667,A2,123,0.9919354838709677
19.8,A2,123,0.9919354838709677
19.833333,A2,123,0.9919354838709677
19.866667,A2,123,0.9919354838709677
19.9,A2,123,0.9919354838709677
19.933333,A2,123,0.9919354838709677
19.966667,A2,123,0.9919354838709677
20.0,A2,123,0.9919354838709677
20.033333,A2,123,0.9919354838709677
20.066667,A2,123,0.9919354838709677
20.1,A2,123,0.9919354838709677
20.133333,A2,123,0.9919354838709677
20.166667,A2,123,0.9919354838709677
20.2,A2,123,0.9919354838709677
20.233333,A2,123,0.9919354838709677
20.266667,A2,123,0.9919354838709677
20.3,A2,123,0.9919354838709677
20.333333,A2,123,0.9919354838709677
20.366667,A2,123,0.9919354838709677
20.4,A2,123,0.9919354838709677
20.433333,A2,123,0.9919354838709677
20.466667,A2,123,0.9919354838709677
20.5,A2,123,0.9919354838709677
20.533333,A2,123,0.9919354838709677
20.566667,A2,123,0.9919354838709677
20.6,A2,123,0.9919354838709677
20.633333,A2,123,0.9919354838709677
20.666667,A2,123,0.9919354838709677
20.7,A2,123,0.9919354838709677
20.733333,A2,123,0.9919354838709677
20.766667,A2,123,0.9919354838709677
20.8,A2,123,0.9919354838709677
20.833333,A2,123,0.9919354838709677
20.866667,A2,123,0.9919354838709677
20.9,A2,123,0.9919354838709677
20.933333,A2,123,0.9919354838709677
20.966667,A2,123,0.9919354838709677
21.0,A2,123,0.9919354838709677
21.033333,A2,123,0.9919354838709677
21.066667,A2,123,0.9919354838709677
21.1,A2,123,0.9919354838709677
21.133333,A2,123,0.9919354838709677
21.166667,A2,123,0.9919354838709677
