output_time_s,source_time_s,shot,state,phase,hands_free_current_shot_s,visible_pops
0.0,0.6,opening,A,NO HAND CONTACT,0.0,0
0.03333333333333333,0.6333333333333333,opening,A,NO HAND CONTACT,0.03333333333333333,0
0.06666666666666667,0.6666666666666666,opening,A,NO HAND CONTACT,0.06666666666666667,0
0.1,0.7,opening,A,NO HAND CONTACT,0.1,0
0.13333333333333333,0.7333333333333333,opening,A,NO HAND CONTACT,0.13333333333333333,0
0.16666666666666666,0.7666666666666667,opening,A,NO HAND CONTACT,0.16666666666666666,0
0.2,0.8,opening,A,NO HAND CONTACT,0.2,0
0.23333333333333334,0.8333333333333334,opening,A,NO HAND CONTACT,0.23333333333333334,0
0.26666666666666666,0.8666666666666667,opening,A,NO HAND CONTACT,0.26666666666666666,0
0.3,0.9,opening,A,NO HAND CONTACT,0.3,0
0.3333333333333333,0.9333333333333333,opening,A,NO HAND CONTACT,0.3333333333333333,0
0.36666666666666664,0.9666666666666667,opening,A,NO HAND CONTACT,0.36666666666666664,0
0.4,1.0,opening,A,NO HAND CONTACT,0.4,0
0.43333333333333335,1.0333333333333334,opening,A,NO HAND CONTACT,0.43333333333333335,0
0.4666666666666667,1.0666666666666667,opening,A,NO HAND CONTACT,0.4666666666666667,0
0.5,1.1,opening,A,NO HAND CONTACT,0.5,0
0.5333333333333333,1.1333333333333333,opening,A,NO HAND CONTACT,0.5333333333333333,0
0.5666666666666667,1.1666666666666667,opening,A,NO HAND CONTACT,0.5666666666666667,0
0.6,1.2,opening,A,NO HAND CONTACT,0.6,0
0.6333333333333333,1.2333333333333334,opening,A,NO HAND CONTACT,0.6333333333333333,0
0.6666666666666666,1.2666666666666666,opening,A,NO HAND CONTACT,0.6666666666666666,0
0.7,1.3,opening,A,NO HAND CONTACT,0.7,0
0.7333333333333333,1.3333333333333333,opening,A,NO HAND CONTACT,0.7333333333333333,0
0.7666666666666667,1.3666666666666667,opening,A,NO HAND CONTACT,0.7666666666666667,0
0.8,1.4,opening,A,NO HAND CONTACT,0.8,0
0.8333333333333334,1.4333333333333333,opening,A,NO HAND CONTACT,0.8333333333333334,0
0.8666666666666667,1.4666666666666666,opening,A,NO HAND CONTACT,0.8666666666666667,0
0.9,1.5,opening,A,NO HAND CONTACT,0.9,0
0.9333333333333333,1.5333333333333334,opening,A,NO HAND CONTACT,0.9333333333333333,0
0.9666666666666667,1.5666666666666667,opening,A,NO HAND CONTACT,0.9666666666666667,0
1.0,1.6,opening,A,NO HAND CONTACT,1.0,0
1.0333333333333334,1.6333333333333333,opening,A,NO HAND CONTACT,1.0333333333333334,0
1.0666666666666667,1.6666666666666667,opening,A,NO HAND CONTACT,1.0666666666666667,0
1.1,1.7,opening,A,NO HAND CONTACT,1.1,0
1.1333333333333333,1.7333333333333334,opening,A,NO HAND CONTACT,1.1333333333333333,0
1.1666666666666667,1.7666666666666666,opening,A,NO HAND CONTACT,1.1666666666666667,0
1.2,1.8,opening,A,NO HAND CONTACT,1.2,0
1.2333333333333334,1.8333333333333333,opening,A,NO HAND CONTACT,1.2333333333333334,0
1.2666666666666666,1.8666666666666667,opening,A,NO HAND CONTACT,1.2666666666666666,0
1.3,1.9,opening,A,NO HAND CONTACT,1.3,0
1.3333333333333333,1.9333333333333333,opening,A,NO HAND CONTACT,1.3333333333333333,0
1.3666666666666667,1.9666666666666666,opening,A,NO HAND CONTACT,1.3666666666666667,0
1.4,2.0,opening,A,NO HAND CONTACT,1.4,0
1.4333333333333333,2.033333333333333,opening,A,NO HAND CONTACT,1.4333333333333333,0
1.4666666666666666,2.066666666666667,opening,A,NO HAND CONTACT,1.4666666666666666,0
1.5,2.1,opening,A,NO HAND CONTACT,1.5,0
1.5333333333333334,2.1333333333333333,opening,A,NO HAND CONTACT,1.5333333333333334,0
1.5666666666666667,2.1666666666666665,opening,A,NO HAND CONTACT,1.5666666666666667,0
1.6,2.2,opening,A,NO HAND CONTACT,1.6,0
1.6333333333333333,2.2333333333333334,opening,A,NO HAND CONTACT,1.6333333333333333,0
1.6666666666666667,2.2666666666666666,opening,A,NO HAND CONTACT,1.6666666666666667,0
1.7,2.3,opening,A,NO HAND CONTACT,1.7,0
1.7333333333333334,2.3333333333333335,opening,A,NO HAND CONTACT,1.7333333333333334,0
1.7666666666666666,2.3666666666666667,opening,A,NO HAND CONTACT,1.7666666666666666,0
1.8,2.4,opening,A,NO HAND CONTACT,1.8,0
1.8333333333333333,2.433333333333333,opening,A,NO HAND CONTACT,1.8333333333333333,0
1.8666666666666667,2.466666666666667,opening,A,NO HAND CONTACT,1.8666666666666667,0
1.9,2.5,opening,A,NO HAND CONTACT,1.9,0
1.9333333333333333,2.533333333333333,opening,A,NO HAND CONTACT,1.9333333333333333,0
1.9666666666666666,2.566666666666667,opening,A,NO HAND CONTACT,1.9666666666666666,0
2.0,2.6,opening,A,NO HAND CONTACT,2.0,0
2.033333333333333,2.6333333333333333,opening,A,NO HAND CONTACT,2.033333333333333,0
2.066666666666667,2.6666666666666665,opening,A,NO HAND CONTACT,2.066666666666667,0
2.1,11.9,forward,A,NO HAND CONTACT,0.0,0
2.1333333333333333,11.933333333333334,forward,A,NO HAND CONTACT,0.03333333333333333,0
2.1666666666666665,11.966666666666667,forward,A,NO HAND CONTACT,0.06666666666666667,0
2.2,12.0,forward,A,NO HAND CONTACT,0.1,0
2.2333333333333334,12.033333333333333,forward,A,NO HAND CONTACT,0.13333333333333333,0
2.2666666666666666,12.066666666666666,forward,A,NO HAND CONTACT,0.16666666666666666,0
2.3,12.1,forward,A,NO HAND CONTACT,0.2,0
2.3333333333333335,12.133333333333333,forward,A,NO HAND CONTACT,0.23333333333333334,0
2.3666666666666667,12.166666666666666,forward,A,NO HAND CONTACT,0.26666666666666666,0
2.4,12.2,forward,A,NO HAND CONTACT,0.3,0
2.433333333333333,12.233333333333333,forward,A,NO HAND CONTACT,0.3333333333333333,0
2.466666666666667,12.266666666666667,forward,A,NO HAND CONTACT,0.36666666666666664,0
2.5,12.3,forward,A,NO HAND CONTACT,0.4,0
2.533333333333333,12.333333333333334,forward,A,NO HAND CONTACT,0.43333333333333335,0
2.566666666666667,12.366666666666667,forward,A,NO HAND CONTACT,0.4666666666666667,0
2.6,12.4,forward,A,NO HAND CONTACT,0.5,0
2.6333333333333333,12.433333333333334,forward,A,NO HAND CONTACT,0.5333333333333333,0
2.6666666666666665,12.466666666666667,forward,A,NO HAND CONTACT,0.5666666666666667,0
2.7,12.5,forward,A,NO HAND CONTACT,0.6,0
2.7333333333333334,12.533333333333333,forward,A,NO HAND CONTACT,0.6333333333333333,0
2.7666666666666666,12.566666666666666,forward,A,NO HAND CONTACT,0.6666666666666666,0
2.8,12.6,forward,A,NO HAND CONTACT,0.7,0
2.8333333333333335,12.633333333333333,forward,A,NO HAND CONTACT,0.7333333333333333,0
2.8666666666666667,12.666666666666666,forward,A,NO HAND CONTACT,0.7666666666666667,0
2.9,12.7,forward,A,NO HAND CONTACT,0.8,0
2.933333333333333,12.733333333333333,forward,A to B,PRESSING / POPPING,,0
2.966666666666667,12.766666666666667,forward,A to B,PRESSING / POPPING,,0
3.0,12.8,forward,A to B,PRESSING / POPPING,,0
3.033333333333333,12.833333333333334,forward,A to B,PRESSING / POPPING,,0
3.066666666666667,12.866666666666667,forward,A to B,PRESSING / POPPING,,0
3.1,12.9,forward,A to B,PRESSING / POPPING,,0
3.1333333333333333,12.933333333333334,forward,A to B,PRESSING / POPPING,,0
3.1666666666666665,12.966666666666667,forward,A to B,PRESSING / POPPING,,0
3.2,13.0,forward,A to B,PRESSING / POPPING,,0
3.2333333333333334,13.033333333333333,forward,A to B,PRESSING / POPPING,,0
3.2666666666666666,13.066666666666666,forward,A to B,PRESSING / POPPING,,0
3.3,13.1,forward,A to B,PRESSING / POPPING,,0
3.3333333333333335,13.133333333333333,forward,A to B,PRESSING / POPPING,,0
3.3666666666666667,13.166666666666666,forward,A to B,PRESSING / POPPING,,0
3.4,13.2,forward,A to B,PRESSING / POPPING,,0
3.433333333333333,13.233333333333333,forward,A to B,PRESSING / POPPING,,0
3.466666666666667,13.266666666666667,forward,A to B,PRESSING / POPPING,,0
3.5,13.3,forward,A to B,PRESSING / POPPING,,0
3.533333333333333,13.333333333333334,forward,A to B,PRESSING / POPPING,,0
3.566666666666667,13.366666666666667,forward,A to B,PRESSING / POPPING,,0
3.6,13.4,forward,A to B,PRESSING / POPPING,,0
3.6333333333333333,13.433333333333334,forward,A to B,PRESSING / POPPING,,0
3.6666666666666665,13.466666666666667,forward,A to B,PRESSING / POPPING,,0
3.7,13.5,forward,A to B,PRESSING / POPPING,,0
3.7333333333333334,13.533333333333333,forward,A to B,PRESSING / POPPING,,0
3.7666666666666666,13.566666666666666,forward,B,RELEASING,,1
3.8,13.6,forward,B,RELEASING,,1
3.8333333333333335,13.633333333333333,forward,B,RELEASING,,1
3.8666666666666667,13.666666666666666,forward,B,RELEASING,,1
3.9,13.7,forward,B,RELEASING,,1
3.933333333333333,13.733333333333333,forward,B,RELEASING,,1
3.966666666666667,13.766666666666667,forward,B,RELEASING,,1
4.0,13.8,forward,B,RELEASING,,1
4.033333333333333,13.833333333333334,forward,B,RELEASING,,1
4.066666666666666,13.866666666666667,forward,B,RELEASING,,1
4.1,13.9,forward,B,NO HAND CONTACT,0.0,1
4.133333333333334,13.933333333333334,forward,B,NO HAND CONTACT,0.03333333333333333,1
4.166666666666667,13.966666666666667,forward,B,NO HAND CONTACT,0.06666666666666667,1
4.2,14.0,forward,B,NO HAND CONTACT,0.1,1
4.233333333333333,14.033333333333333,forward,B,NO HAND CONTACT,0.13333333333333333,1
4.266666666666667,14.066666666666666,forward,B,NO HAND CONTACT,0.16666666666666666,1
4.3,14.1,forward,B,NO HAND CONTACT,0.2,1
4.333333333333333,14.133333333333333,forward,B,NO HAND CONTACT,0.23333333333333334,1
4.366666666666666,14.166666666666666,forward,B,NO HAND CONTACT,0.26666666666666666,1
4.4,14.2,forward,B,NO HAND CONTACT,0.3,1
4.433333333333334,14.233333333333333,forward,B,NO HAND CONTACT,0.3333333333333333,1
4.466666666666667,14.266666666666667,forward,B,NO HAND CONTACT,0.36666666666666664,1
4.5,14.3,forward,B,NO HAND CONTACT,0.4,1
4.533333333333333,14.333333333333334,forward,B,NO HAND CONTACT,0.43333333333333335,1
4.566666666666666,14.366666666666667,forward,B,NO HAND CONTACT,0.4666666666666667,1
4.6,14.4,forward,B,NO HAND CONTACT,0.5,1
4.633333333333334,14.433333333333334,forward,B,NO HAND CONTACT,0.5333333333333333,1
4.666666666666667,14.466666666666667,forward,B,NO HAND CONTACT,0.5666666666666667,1
4.7,14.5,forward,B,NO HAND CONTACT,0.6,1
4.733333333333333,14.533333333333333,forward,B,NO HAND CONTACT,0.6333333333333333,1
4.766666666666667,14.566666666666666,forward,B,NO HAND CONTACT,0.6666666666666666,1
4.8,14.6,forward,B,NO HAND CONTACT,0.7,1
4.833333333333333,14.633333333333333,forward,B,NO HAND CONTACT,0.7333333333333333,1
4.866666666666666,14.666666666666666,forward,B,NO HAND CONTACT,0.7666666666666667,1
4.9,14.7,forward,B,NO HAND CONTACT,0.8,1
4.933333333333334,14.733333333333333,forward,B,NO HAND CONTACT,0.8333333333333334,1
4.966666666666667,14.766666666666667,forward,B,NO HAND CONTACT,0.8666666666666667,1
5.0,14.8,forward,B,NO HAND CONTACT,0.9,1
5.033333333333333,14.833333333333334,forward,B,NO HAND CONTACT,0.9333333333333333,1
5.066666666666666,14.866666666666667,forward,B,NO HAND CONTACT,0.9666666666666667,1
5.1,14.9,forward,B,NO HAND CONTACT,1.0,1
5.133333333333334,14.933333333333334,forward,B,NO HAND CONTACT,1.0333333333333334,1
5.166666666666667,14.966666666666667,forward,B,NO HAND CONTACT,1.0666666666666667,1
5.2,15.0,forward,B,NO HAND CONTACT,1.1,1
5.233333333333333,15.033333333333333,forward,B,NO HAND CONTACT,1.1333333333333333,1
5.266666666666667,15.066666666666666,forward,B,NO HAND CONTACT,1.1666666666666667,1
5.3,15.1,forward,B,NO HAND CONTACT,1.2,1
5.333333333333333,15.133333333333333,forward,B,NO HAND CONTACT,1.2333333333333334,1
5.366666666666666,15.166666666666666,forward,B,NO HAND CONTACT,1.2666666666666666,1
5.4,15.2,forward,B,NO HAND CONTACT,1.3,1
5.433333333333334,23.233333333333334,inspect_b,B,NO HAND CONTACT,0.0,1
5.466666666666667,23.266666666666666,inspect_b,B,NO HAND CONTACT,0.03333333333333333,1
5.5,23.3,inspect_b,B,NO HAND CONTACT,0.06666666666666667,1
5.533333333333333,23.333333333333332,inspect_b,B,NO HAND CONTACT,0.1,1
5.566666666666666,23.366666666666667,inspect_b,B,NO HAND CONTACT,0.13333333333333333,1
5.6,23.4,inspect_b,B,NO HAND CONTACT,0.16666666666666666,1
5.633333333333334,23.433333333333334,inspect_b,B,NO HAND CONTACT,0.2,1
5.666666666666667,23.466666666666665,inspect_b,B,NO HAND CONTACT,0.23333333333333334,1
5.7,23.5,inspect_b,B,NO HAND CONTACT,0.26666666666666666,1
5.733333333333333,23.533333333333335,inspect_b,B,NO HAND CONTACT,0.3,1
5.766666666666667,23.566666666666666,inspect_b,B,NO HAND CONTACT,0.3333333333333333,1
5.8,23.6,inspect_b,B,NO HAND CONTACT,0.36666666666666664,1
5.833333333333333,23.633333333333333,inspect_b,B,NO HAND CONTACT,0.4,1
5.866666666666666,23.666666666666668,inspect_b,B,NO HAND CONTACT,0.43333333333333335,1
5.9,23.7,inspect_b,B,NO HAND CONTACT,0.4666666666666667,1
5.933333333333334,23.733333333333334,inspect_b,B,NO HAND CONTACT,0.5,1
5.966666666666667,23.766666666666666,inspect_b,B,NO HAND CONTACT,0.5333333333333333,1
6.0,23.8,inspect_b,B,NO HAND CONTACT,0.5666666666666667,1
6.033333333333333,23.833333333333332,inspect_b,B,NO HAND CONTACT,0.6,1
6.066666666666666,23.866666666666667,inspect_b,B,NO HAND CONTACT,0.6333333333333333,1
6.1,23.9,inspect_b,B,NO HAND CONTACT,0.6666666666666666,1
6.133333333333334,23.933333333333334,inspect_b,B,NO HAND CONTACT,0.7,1
6.166666666666667,23.966666666666665,inspect_b,B,NO HAND CONTACT,0.7333333333333333,1
6.2,24.0,inspect_b,B,NO HAND CONTACT,0.7666666666666667,1
6.233333333333333,24.033333333333335,inspect_b,B,NO HAND CONTACT,0.8,1
6.266666666666667,24.066666666666666,inspect_b,B,NO HAND CONTACT,0.8333333333333334,1
6.3,24.1,inspect_b,B,NO HAND CONTACT,0.8666666666666667,1
6.333333333333333,24.133333333333333,inspect_b,B,NO HAND CONTACT,0.9,1
6.366666666666666,24.166666666666668,inspect_b,B,NO HAND CONTACT,0.9333333333333333,1
6.4,24.2,inspect_b,B,NO HAND CONTACT,0.9666666666666667,1
6.433333333333334,24.233333333333334,inspect_b,B,NO HAND CONTACT,1.0,1
6.466666666666667,24.266666666666666,inspect_b,B,NO HAND CONTACT,1.0333333333333334,1
6.5,24.3,inspect_b,B,NO HAND CONTACT,1.0666666666666667,1
6.533333333333333,24.333333333333332,inspect_b,B,NO HAND CONTACT,1.1,1
6.566666666666666,24.366666666666667,inspect_b,B,NO HAND CONTACT,1.1333333333333333,1
6.6,24.4,inspect_b,B,NO HAND CONTACT,1.1666666666666667,1
6.633333333333334,24.433333333333334,inspect_b,B,NO HAND CONTACT,1.2,1
6.666666666666667,24.466666666666665,inspect_b,B,NO HAND CONTACT,1.2333333333333334,1
6.7,24.5,inspect_b,B,NO HAND CONTACT,1.2666666666666666,1
6.733333333333333,24.533333333333335,inspect_b,B,NO HAND CONTACT,1.3,1
6.766666666666667,24.566666666666666,inspect_b,B,NO HAND CONTACT,1.3333333333333333,1
6.8,24.6,inspect_b,B,NO HAND CONTACT,1.3666666666666667,1
6.833333333333333,24.633333333333333,inspect_b,B,NO HAND CONTACT,1.4,1
6.866666666666666,24.666666666666668,inspect_b,B,NO HAND CONTACT,1.4333333333333333,1
6.9,24.7,inspect_b,B,NO HAND CONTACT,1.4666666666666666,1
6.933333333333334,24.733333333333334,inspect_b,B,NO HAND CONTACT,1.5,1
6.966666666666667,24.766666666666666,inspect_b,B,NO HAND CONTACT,1.5333333333333334,1
7.0,24.8,inspect_b,B,NO HAND CONTACT,1.5666666666666667,1
7.033333333333333,24.833333333333332,inspect_b,B,NO HAND CONTACT,1.6,1
7.066666666666666,24.866666666666667,inspect_b,B,NO HAND CONTACT,1.6333333333333333,1
7.1,24.9,inspect_b,B,NO HAND CONTACT,1.6666666666666667,1
7.133333333333334,24.933333333333334,inspect_b,B,NO HAND CONTACT,1.7,1
7.166666666666667,24.966666666666665,inspect_b,B,NO HAND CONTACT,1.7333333333333334,1
7.2,25.0,inspect_b,B,NO HAND CONTACT,1.7666666666666666,1
7.233333333333333,25.033333333333335,inspect_b,B,NO HAND CONTACT,1.8,1
7.266666666666667,25.066666666666666,inspect_b,B,NO HAND CONTACT,1.8333333333333333,1
7.3,25.1,inspect_b,B,NO HAND CONTACT,1.8666666666666667,1
7.333333333333333,27.766666666666666,reverse,B,NO HAND CONTACT,0.0,1
7.366666666666666,27.8,reverse,B,NO HAND CONTACT,0.03333333333333333,1
7.4,27.833333333333332,reverse,B,NO HAND CONTACT,0.06666666666666667,1
7.433333333333334,27.866666666666667,reverse,B,NO HAND CONTACT,0.1,1
7.466666666666667,27.9,reverse,B,NO HAND CONTACT,0.13333333333333333,1
7.5,27.933333333333334,reverse,B,NO HAND CONTACT,0.16666666666666666,1
7.533333333333333,27.966666666666665,reverse,B,NO HAND CONTACT,0.2,1
7.566666666666666,28.0,reverse,B,NO HAND CONTACT,0.23333333333333334,1
7.6,28.033333333333335,reverse,B,NO HAND CONTACT,0.26666666666666666,1
7.633333333333334,28.066666666666666,reverse,B,NO HAND CONTACT,0.3,1
7.666666666666667,28.1,reverse,B,NO HAND CONTACT,0.3333333333333333,1
7.7,28.133333333333333,reverse,B,NO HAND CONTACT,0.36666666666666664,1
7.733333333333333,28.166666666666668,reverse,B,NO HAND CONTACT,0.4,1
7.766666666666667,28.2,reverse,B,NO HAND CONTACT,0.43333333333333335,1
7.8,28.233333333333334,reverse,B,NO HAND CONTACT,0.4666666666666667,1
7.833333333333333,28.266666666666666,reverse,B,NO HAND CONTACT,0.5,1
7.866666666666666,28.3,reverse,B,NO HAND CONTACT,0.5333333333333333,1
7.9,28.333333333333332,reverse,B,NO HAND CONTACT,0.5666666666666667,1
7.933333333333334,28.366666666666667,reverse,B,NO HAND CONTACT,0.6,1
7.966666666666667,28.4,reverse,B,NO HAND CONTACT,0.6333333333333333,1
8.0,28.433333333333334,reverse,B,NO HAND CONTACT,0.6666666666666666,1
8.033333333333333,28.466666666666665,reverse,B,NO HAND CONTACT,0.7,1
8.066666666666666,28.5,reverse,B,NO HAND CONTACT,0.7333333333333333,1
8.1,28.533333333333335,reverse,B,NO HAND CONTACT,0.7666666666666667,1
8.133333333333333,28.566666666666666,reverse,B,NO HAND CONTACT,0.8,1
8.166666666666666,28.6,reverse,B,NO HAND CONTACT,0.8333333333333334,1
8.2,28.633333333333333,reverse,B,NO HAND CONTACT,0.8666666666666667,1
8.233333333333333,28.666666666666668,reverse,B,NO HAND CONTACT,0.9,1
8.266666666666667,28.7,reverse,B,NO HAND CONTACT,0.9333333333333333,1
8.3,28.733333333333334,reverse,B,NO HAND CONTACT,0.9666666666666667,1
8.333333333333334,28.766666666666666,reverse,B,NO HAND CONTACT,1.0,1
8.366666666666667,28.8,reverse,B,NO HAND CONTACT,1.0333333333333334,1
8.4,28.833333333333332,reverse,B,NO HAND CONTACT,1.0666666666666667,1
8.433333333333334,28.866666666666667,reverse,B,NO HAND CONTACT,1.1,1
8.466666666666667,28.9,reverse,B,NO HAND CONTACT,1.1333333333333333,1
8.5,28.933333333333334,reverse,B,NO HAND CONTACT,1.1666666666666667,1
8.533333333333333,28.966666666666665,reverse,B,NO HAND CONTACT,1.2,1
8.566666666666666,29.0,reverse,B,NO HAND CONTACT,1.2333333333333334,1
8.6,29.033333333333335,reverse,B,NO HAND CONTACT,1.2666666666666666,1
8.633333333333333,29.066666666666666,reverse,B,NO HAND CONTACT,1.3,1
8.666666666666666,29.1,reverse,B,NO HAND CONTACT,1.3333333333333333,1
8.7,29.133333333333333,reverse,B,NO HAND CONTACT,1.3666666666666667,1
8.733333333333333,29.166666666666668,reverse,B,NO HAND CONTACT,1.4,1
8.766666666666667,29.2,reverse,B,NO HAND CONTACT,1.4333333333333333,1
8.8,29.233333333333334,reverse,B,NO HAND CONTACT,1.4666666666666666,1
8.833333333333334,29.266666666666666,reverse,B,NO HAND CONTACT,1.5,1
8.866666666666667,29.3,reverse,B,NO HAND CONTACT,1.5333333333333334,1
8.9,29.333333333333332,reverse,B,NO HAND CONTACT,1.5666666666666667,1
8.933333333333334,29.366666666666667,reverse,B,NO HAND CONTACT,1.6,1
8.966666666666667,29.4,reverse,B,NO HAND CONTACT,1.6333333333333333,1
9.0,29.433333333333334,reverse,B,NO HAND CONTACT,1.6666666666666667,1
9.033333333333333,29.466666666666665,reverse,B,NO HAND CONTACT,1.7,1
9.066666666666666,29.5,reverse,B,NO HAND CONTACT,1.7333333333333334,1
9.1,29.533333333333335,reverse,B,NO HAND CONTACT,1.7666666666666666,1
9.133333333333333,29.566666666666666,reverse,B,NO HAND CONTACT,1.8,1
9.166666666666666,29.6,reverse,B,NO HAND CONTACT,1.8333333333333333,1
9.2,29.633333333333333,reverse,B,NO HAND CONTACT,1.8666666666666667,1
9.233333333333333,29.666666666666668,reverse,B,NO HAND CONTACT,1.9,1
9.266666666666667,29.7,reverse,B,NO HAND CONTACT,1.9333333333333333,1
9.3,29.733333333333334,reverse,B,NO HAND CONTACT,1.9666666666666666,1
9.333333333333334,29.766666666666666,reverse,B,NO HAND CONTACT,2.0,1
9.366666666666667,29.8,reverse,B,NO HAND CONTACT,2.033333333333333,1
9.4,29.833333333333332,reverse,B,NO HAND CONTACT,2.066666666666667,1
9.433333333333334,29.866666666666667,reverse,B,NO HAND CONTACT,2.1,1
9.466666666666667,29.9,reverse,B,NO HAND CONTACT,2.1333333333333333,1
9.5,29.933333333333334,reverse,B,NO HAND CONTACT,2.1666666666666665,1
9.533333333333333,29.966666666666665,reverse,B,NO HAND CONTACT,2.2,1
9.566666666666666,30.0,reverse,B,NO HAND CONTACT,2.2333333333333334,1
9.6,30.033333333333335,reverse,B,NO HAND CONTACT,2.2666666666666666,1
9.633333333333333,30.066666666666666,reverse,B,NO HAND CONTACT,2.3,1
9.666666666666666,30.1,reverse,B,NO HAND CONTACT,2.3333333333333335,1
9.7,30.133333333333333,reverse,B,NO HAND CONTACT,2.3666666666666667,1
9.733333333333333,30.166666666666668,reverse,B,NO HAND CONTACT,2.4,1
9.766666666666667,30.2,reverse,B,NO HAND CONTACT,2.433333333333333,1
9.8,30.233333333333334,reverse,B,NO HAND CONTACT,2.466666666666667,1
9.833333333333334,30.266666666666666,reverse,B,NO HAND CONTACT,2.5,1
9.866666666666667,30.3,reverse,B,NO HAND CONTACT,2.533333333333333,1
9.9,30.333333333333332,reverse,B,NO HAND CONTACT,2.566666666666667,1
9.933333333333334,30.366666666666667,reverse,B,NO HAND CONTACT,2.6,1
9.966666666666667,30.4,reverse,B,NO HAND CONTACT,2.6333333333333333,1
10.0,30.433333333333334,reverse,B,NO HAND CONTACT,2.6666666666666665,1
10.033333333333333,30.466666666666665,reverse,B,NO HAND CONTACT,2.7,1
10.066666666666666,30.5,reverse,B,NO HAND CONTACT,2.7333333333333334,1
10.1,30.533333333333335,reverse,B,NO HAND CONTACT,2.7666666666666666,1
10.133333333333333,30.566666666666666,reverse,B,NO HAND CONTACT,2.8,1
10.166666666666666,30.6,reverse,B,NO HAND CONTACT,2.8333333333333335,1
10.2,30.633333333333333,reverse,B,NO HAND CONTACT,2.8666666666666667,1
10.233333333333333,30.666666666666668,reverse,B,NO HAND CONTACT,2.9,1
10.266666666666667,30.7,reverse,B,NO HAND CONTACT,2.933333333333333,1
10.3,30.733333333333334,reverse,B,NO HAND CONTACT,2.966666666666667,1
10.333333333333334,30.766666666666666,reverse,B,NO HAND CONTACT,3.0,1
10.366666666666667,30.8,reverse,B,NO HAND CONTACT,3.033333333333333,1
10.4,30.833333333333332,reverse,B,NO HAND CONTACT,3.066666666666667,1
10.433333333333334,30.866666666666667,reverse,B to A,PRESSING / POPPING,,1
10.466666666666667,30.9,reverse,B to A,PRESSING / POPPING,,1
10.5,30.933333333333334,reverse,B to A,PRESSING / POPPING,,1
10.533333333333333,30.966666666666665,reverse,B to A,PRESSING / POPPING,,1
10.566666666666666,31.0,reverse,B to A,PRESSING / POPPING,,1
10.6,31.033333333333335,reverse,B to A,PRESSING / POPPING,,1
10.633333333333333,31.066666666666666,reverse,B to A,PRESSING / POPPING,,1
10.666666666666666,31.1,reverse,B to A,PRESSING / POPPING,,1
10.7,31.133333333333333,reverse,B to A,PRESSING / POPPING,,1
10.733333333333333,31.166666666666668,reverse,B to A,PRESSING / POPPING,,1
10.766666666666667,31.2,reverse,B to A,PRESSING / POPPING,,1
10.8,31.233333333333334,reverse,A,RELEASING,,2
10.833333333333334,31.266666666666666,reverse,A,RELEASING,,2
10.866666666666667,31.3,reverse,A,RELEASING,,2
10.9,31.333333333333332,reverse,A,RELEASING,,2
10.933333333333334,31.366666666666667,reverse,A,RELEASING,,2
10.966666666666667,31.4,reverse,A,RELEASING,,2
11.0,31.433333333333334,reverse,A,RELEASING,,2
11.033333333333333,31.466666666666665,reverse,A,RELEASING,,2
11.066666666666666,31.5,reverse,A,RELEASING,,2
11.1,31.533333333333335,reverse,A,NO HAND CONTACT,0.0,2
11.133333333333333,31.566666666666666,reverse,A,NO HAND CONTACT,0.03333333333333333,2
11.166666666666666,31.6,reverse,A,NO HAND CONTACT,0.06666666666666667,2
11.2,31.633333333333333,reverse,A,NO HAND CONTACT,0.1,2
11.233333333333333,31.666666666666668,reverse,A,NO HAND CONTACT,0.13333333333333333,2
11.266666666666667,31.7,reverse,A,NO HAND CONTACT,0.16666666666666666,2
11.3,31.733333333333334,reverse,A,NO HAND CONTACT,0.2,2
11.333333333333334,31.766666666666666,reverse,A,NO HAND CONTACT,0.23333333333333334,2
11.366666666666667,31.8,reverse,A,NO HAND CONTACT,0.26666666666666666,2
11.4,31.833333333333332,reverse,A,NO HAND CONTACT,0.3,2
11.433333333333334,31.866666666666667,reverse,A,NO HAND CONTACT,0.3333333333333333,2
11.466666666666667,31.9,reverse,A,NO HAND CONTACT,0.36666666666666664,2
11.5,31.933333333333334,reverse,A,NO HAND CONTACT,0.4,2
11.533333333333333,31.966666666666665,reverse,A,NO HAND CONTACT,0.43333333333333335,2
11.566666666666666,32.0,reverse,A,NO HAND CONTACT,0.4666666666666667,2
11.6,32.03333333333333,reverse,A,NO HAND CONTACT,0.5,2
11.633333333333333,35.9,returned,A,NO HAND CONTACT,0.0,2
11.666666666666666,35.93333333333333,returned,A,NO HAND CONTACT,0.03333333333333333,2
11.7,35.96666666666667,returned,A,NO HAND CONTACT,0.06666666666666667,2
11.733333333333333,36.0,returned,A,NO HAND CONTACT,0.1,2
11.766666666666667,36.03333333333333,returned,A,NO HAND CONTACT,0.13333333333333333,2
11.8,36.06666666666667,returned,A,NO HAND CONTACT,0.16666666666666666,2
11.833333333333334,36.1,returned,A,NO HAND CONTACT,0.2,2
11.866666666666667,36.13333333333333,returned,A,NO HAND CONTACT,0.23333333333333334,2
11.9,36.166666666666664,returned,A,NO HAND CONTACT,0.26666666666666666,2
11.933333333333334,36.2,returned,A,NO HAND CONTACT,0.3,2
11.966666666666667,36.233333333333334,returned,A,NO HAND CONTACT,0.3333333333333333,2
12.0,36.266666666666666,returned,A,NO HAND CONTACT,0.36666666666666664,2
12.033333333333333,36.3,returned,A,NO HAND CONTACT,0.4,2
12.066666666666666,36.333333333333336,returned,A,NO HAND CONTACT,0.43333333333333335,2
12.1,36.36666666666667,returned,A,NO HAND CONTACT,0.4666666666666667,2
12.133333333333333,36.4,returned,A,NO HAND CONTACT,0.5,2
12.166666666666666,36.43333333333333,returned,A,NO HAND CONTACT,0.5333333333333333,2
12.2,36.46666666666667,returned,A,NO HAND CONTACT,0.5666666666666667,2
12.233333333333333,36.5,returned,A,NO HAND CONTACT,0.6,2
12.266666666666667,36.53333333333333,returned,A,NO HAND CONTACT,0.6333333333333333,2
12.3,36.56666666666667,returned,A,NO HAND CONTACT,0.6666666666666666,2
12.333333333333334,36.6,returned,A,NO HAND CONTACT,0.7,2
12.366666666666667,36.63333333333333,returned,A,NO HAND CONTACT,0.7333333333333333,2
12.4,36.666666666666664,returned,A,NO HAND CONTACT,0.7666666666666667,2
12.433333333333334,36.7,returned,A,NO HAND CONTACT,0.8,2
12.466666666666667,36.733333333333334,returned,A,NO HAND CONTACT,0.8333333333333334,2
12.5,36.766666666666666,returned,A,NO HAND CONTACT,0.8666666666666667,2
12.533333333333333,36.8,returned,A,NO HAND CONTACT,0.9,2
12.566666666666666,36.833333333333336,returned,A,NO HAND CONTACT,0.9333333333333333,2
12.6,36.86666666666667,returned,A,NO HAND CONTACT,0.9666666666666667,2
12.633333333333333,36.9,returned,A,NO HAND CONTACT,1.0,2
12.666666666666666,36.93333333333333,returned,A,NO HAND CONTACT,1.0333333333333334,2
12.7,36.96666666666667,returned,A,NO HAND CONTACT,1.0666666666666667,2
12.733333333333333,37.0,returned,A,NO HAND CONTACT,1.1,2
12.766666666666667,37.03333333333333,returned,A,NO HAND CONTACT,1.1333333333333333,2
12.8,37.06666666666667,returned,A,NO HAND CONTACT,1.1666666666666667,2
12.833333333333334,37.1,returned,A,NO HAND CONTACT,1.2,2
12.866666666666667,37.13333333333333,returned,A,NO HAND CONTACT,1.2333333333333334,2
12.9,37.166666666666664,returned,A,NO HAND CONTACT,1.2666666666666666,2
12.933333333333334,37.2,returned,A,NO HAND CONTACT,1.3,2
12.966666666666667,37.233333333333334,returned,A,NO HAND CONTACT,1.3333333333333333,2
13.0,37.266666666666666,returned,A,NO HAND CONTACT,1.3666666666666667,2
13.033333333333333,37.3,returned,A,NO HAND CONTACT,1.4,2
13.066666666666666,37.333333333333336,returned,A,NO HAND CONTACT,1.4333333333333333,2
13.1,37.36666666666667,returned,A,NO HAND CONTACT,1.4666666666666666,2
13.133333333333333,37.4,returned,A,NO HAND CONTACT,1.5,2
13.166666666666666,37.43333333333333,returned,A,NO HAND CONTACT,1.5333333333333334,2
13.2,37.46666666666667,returned,A,NO HAND CONTACT,1.5666666666666667,2
13.233333333333333,37.5,returned,A,NO HAND CONTACT,1.6,2
13.266666666666667,37.53333333333333,returned,A,NO HAND CONTACT,1.6333333333333333,2
13.3,37.56666666666667,returned,A,NO HAND CONTACT,1.6666666666666667,2
13.333333333333334,37.6,returned,A,NO HAND CONTACT,1.7,2
13.366666666666667,37.63333333333333,returned,A,NO HAND CONTACT,1.7333333333333334,2
13.4,37.666666666666664,returned,A,NO HAND CONTACT,1.7666666666666666,2
13.433333333333334,37.7,returned,A,NO HAND CONTACT,1.8,2
13.466666666666667,37.733333333333334,returned,A,NO HAND CONTACT,1.8333333333333333,2
13.5,37.766666666666666,returned,A,NO HAND CONTACT,1.8666666666666667,2
13.533333333333333,37.8,returned,A,NO HAND CONTACT,1.9,2
13.566666666666666,37.833333333333336,returned,A,NO HAND CONTACT,1.9333333333333333,2
13.6,37.86666666666667,returned,A,NO HAND CONTACT,1.9666666666666666,2
13.633333333333333,37.9,returned,A,NO HAND CONTACT,2.0,2
13.666666666666666,37.93333333333333,returned,A,NO HAND CONTACT,2.033333333333333,2
13.7,37.96666666666667,returned,A,NO HAND CONTACT,2.066666666666667,2
13.733333333333333,38.0,returned,A,NO HAND CONTACT,2.1,2
13.766666666666667,38.03333333333333,returned,A,NO HAND CONTACT,2.1333333333333333,2
13.8,38.06666666666667,returned,A,NO HAND CONTACT,2.1666666666666665,2
13.833333333333334,38.1,returned,A,NO HAND CONTACT,2.2,2
13.866666666666667,38.13333333333333,returned,A,NO HAND CONTACT,2.2333333333333334,2
13.9,38.166666666666664,returned,A,NO HAND CONTACT,2.2666666666666666,2
13.933333333333334,38.2,returned,A,NO HAND CONTACT,2.3,2
13.966666666666667,38.233333333333334,returned,A,NO HAND CONTACT,2.3333333333333335,2
14.0,38.266666666666666,returned,A,NO HAND CONTACT,2.3666666666666667,2
14.033333333333333,38.3,returned,A,NO HAND CONTACT,2.4,2
14.066666666666666,38.333333333333336,returned,A,NO HAND CONTACT,2.433333333333333,2
14.1,38.36666666666667,returned,A,NO HAND CONTACT,2.466666666666667,2
14.133333333333333,38.4,returned,A,NO HAND CONTACT,2.5,2
14.166666666666666,38.43333333333333,returned,A,NO HAND CONTACT,2.533333333333333,2
14.2,38.46666666666667,returned,A,NO HAND CONTACT,2.566666666666667,2
14.233333333333333,38.5,returned,A,NO HAND CONTACT,2.6,2
14.266666666666667,38.53333333333333,returned,A,NO HAND CONTACT,2.6333333333333333,2
14.3,38.56666666666667,returned,A,NO HAND CONTACT,2.6666666666666665,2
14.333333333333334,38.6,returned,A,NO HAND CONTACT,2.7,2
14.366666666666667,38.63333333333333,returned,A,NO HAND CONTACT,2.7333333333333334,2
14.4,38.666666666666664,returned,A,NO HAND CONTACT,2.7666666666666666,2
14.433333333333334,38.7,returned,A,NO HAND CONTACT,2.8,2
14.466666666666667,38.733333333333334,returned,A,NO HAND CONTACT,2.8333333333333335,2
14.5,38.766666666666666,returned,A,NO HAND CONTACT,2.8666666666666667,2
14.533333333333333,38.8,returned,A,NO HAND CONTACT,2.9,2
14.566666666666666,38.833333333333336,returned,A,NO HAND CONTACT,2.933333333333333,2
14.6,38.86666666666667,returned,A,NO HAND CONTACT,2.966666666666667,2
14.633333333333333,38.9,returned,A,NO HAND CONTACT,3.0,2
14.666666666666666,38.93333333333333,returned,A,NO HAND CONTACT,3.033333333333333,2
14.7,38.96666666666667,returned,A,NO HAND CONTACT,3.066666666666667,2
14.733333333333333,39.0,returned,A,NO HAND CONTACT,3.1,2
14.766666666666667,39.03333333333333,returned,A,NO HAND CONTACT,3.1333333333333333,2
14.8,39.06666666666667,returned,A,NO HAND CONTACT,3.1666666666666665,2
14.833333333333334,39.1,returned,A,NO HAND CONTACT,3.2,2
14.866666666666667,39.13333333333333,returned,A,NO HAND CONTACT,3.2333333333333334,2
14.9,39.166666666666664,returned,A,NO HAND CONTACT,3.2666666666666666,2
14.933333333333334,39.2,returned,A,NO HAND CONTACT,3.3,2
14.966666666666667,39.233333333333334,returned,A,NO HAND CONTACT,3.3333333333333335,2
15.0,39.266666666666666,returned,A,NO HAND CONTACT,3.3666666666666667,2
15.033333333333333,39.3,returned,A,NO HAND CONTACT,3.4,2
15.066666666666666,39.333333333333336,returned,A,NO HAND CONTACT,3.433333333333333,2
15.1,39.36666666666667,returned,A,NO HAND CONTACT,3.466666666666667,2
15.133333333333333,39.4,returned,A,NO HAND CONTACT,3.5,2
15.166666666666666,39.43333333333333,returned,A,NO HAND CONTACT,3.533333333333333,2
15.2,39.46666666666667,returned,A,NO HAND CONTACT,3.566666666666667,2
15.233333333333333,39.5,returned,A,NO HAND CONTACT,3.6,2
15.266666666666667,39.53333333333333,returned,A,NO HAND CONTACT,3.6333333333333333,2
15.3,39.56666666666667,returned,A,NO HAND CONTACT,3.6666666666666665,2
15.333333333333334,39.6,returned,A,NO HAND CONTACT,3.7,2
15.366666666666667,39.63333333333333,returned,A,NO HAND CONTACT,3.7333333333333334,2
15.4,39.666666666666664,returned,A,NO HAND CONTACT,3.7666666666666666,2
15.433333333333334,39.7,returned,A,NO HAND CONTACT,3.8,2
15.466666666666667,39.733333333333334,returned,A,NO HAND CONTACT,3.8333333333333335,2
15.5,39.766666666666666,returned,A,NO HAND CONTACT,3.8666666666666667,2
15.533333333333333,41.4,final_hold,A,NO HAND CONTACT,0.0,2
15.566666666666666,41.43333333333333,final_hold,A,NO HAND CONTACT,0.03333333333333333,2
15.6,41.46666666666667,final_hold,A,NO HAND CONTACT,0.06666666666666667,2
15.633333333333333,41.5,final_hold,A,NO HAND CONTACT,0.1,2
15.666666666666666,41.53333333333333,final_hold,A,NO HAND CONTACT,0.13333333333333333,2
15.7,41.56666666666667,final_hold,A,NO HAND CONTACT,0.16666666666666666,2
15.733333333333333,41.6,final_hold,A,NO HAND CONTACT,0.2,2
15.766666666666667,41.63333333333333,final_hold,A,NO HAND CONTACT,0.23333333333333334,2
15.8,41.666666666666664,final_hold,A,NO HAND CONTACT,0.26666666666666666,2
15.833333333333334,41.7,final_hold,A,NO HAND CONTACT,0.3,2
15.866666666666667,41.733333333333334,final_hold,A,NO HAND CONTACT,0.3333333333333333,2
15.9,41.766666666666666,final_hold,A,NO HAND CONTACT,0.36666666666666664,2
15.933333333333334,41.8,final_hold,A,NO HAND CONTACT,0.4,2
15.966666666666667,41.833333333333336,final_hold,A,NO HAND CONTACT,0.43333333333333335,2
16.0,41.86666666666667,final_hold,A,NO HAND CONTACT,0.4666666666666667,2
16.033333333333335,41.9,final_hold,A,NO HAND CONTACT,0.5,2
16.066666666666666,41.93333333333333,final_hold,A,NO HAND CONTACT,0.5333333333333333,2
16.1,41.96666666666667,final_hold,A,NO HAND CONTACT,0.5666666666666667,2
16.133333333333333,42.0,final_hold,A,NO HAND CONTACT,0.6,2
16.166666666666668,42.03333333333333,final_hold,A,NO HAND CONTACT,0.6333333333333333,2
16.2,42.06666666666667,final_hold,A,NO HAND CONTACT,0.6666666666666666,2
16.233333333333334,42.1,final_hold,A,NO HAND CONTACT,0.7,2
16.266666666666666,42.13333333333333,final_hold,A,NO HAND CONTACT,0.7333333333333333,2
16.3,42.166666666666664,final_hold,A,NO HAND CONTACT,0.7666666666666667,2
16.333333333333332,42.2,final_hold,A,NO HAND CONTACT,0.8,2
16.366666666666667,42.233333333333334,final_hold,A,NO HAND CONTACT,0.8333333333333334,2
16.4,42.266666666666666,final_hold,A,NO HAND CONTACT,0.8666666666666667,2
16.433333333333334,42.3,final_hold,A,NO HAND CONTACT,0.9,2
16.466666666666665,42.333333333333336,final_hold,A,NO HAND CONTACT,0.9333333333333333,2
16.5,42.36666666666667,final_hold,A,NO HAND CONTACT,0.9666666666666667,2
16.533333333333335,42.4,final_hold,A,NO HAND CONTACT,1.0,2
16.566666666666666,42.43333333333333,final_hold,A,NO HAND CONTACT,1.0333333333333334,2
16.6,42.46666666666667,final_hold,A,NO HAND CONTACT,1.0666666666666667,2
16.633333333333333,42.5,final_hold,A,NO HAND CONTACT,1.1,2
16.666666666666668,42.53333333333333,final_hold,A,NO HAND CONTACT,1.1333333333333333,2
16.7,42.56666666666667,final_hold,A,NO HAND CONTACT,1.1666666666666667,2
16.733333333333334,42.6,final_hold,A,NO HAND CONTACT,1.2,2
16.766666666666666,42.63333333333333,final_hold,A,NO HAND CONTACT,1.2333333333333334,2
16.8,42.666666666666664,final_hold,A,NO HAND CONTACT,1.2666666666666666,2
16.833333333333332,42.7,final_hold,A,NO HAND CONTACT,1.3,2
16.866666666666667,42.733333333333334,final_hold,A,NO HAND CONTACT,1.3333333333333333,2
16.9,42.766666666666666,final_hold,A,NO HAND CONTACT,1.3666666666666667,2
16.933333333333334,42.8,final_hold,A,NO HAND CONTACT,1.4,2
16.966666666666665,42.833333333333336,final_hold,A,NO HAND CONTACT,1.4333333333333333,2
17.0,42.86666666666667,final_hold,A,NO HAND CONTACT,1.4666666666666666,2
17.033333333333335,42.9,final_hold,A,NO HAND CONTACT,1.5,2
17.066666666666666,42.93333333333333,final_hold,A,NO HAND CONTACT,1.5333333333333334,2
17.1,42.96666666666667,final_hold,A,NO HAND CONTACT,1.5666666666666667,2
17.133333333333333,43.0,final_hold,A,NO HAND CONTACT,1.6,2
17.166666666666668,43.03333333333333,final_hold,A,NO HAND CONTACT,1.6333333333333333,2
17.2,43.06666666666667,final_hold,A,NO HAND CONTACT,1.6666666666666667,2
